{
 "서울특별시 광진구 중곡동 64-10": [
  127.09090397801,
  37.559620918034
 ],
 "서울특별시 광진구 구의동 32-12": [
  127.09389627711,
  37.5526300813592
 ],
 "서울특별시 광진구 중곡동 84-37": [
  127.090367005677,
  37.5580816167545
 ],
 "서울특별시 광진구 광장동 334-14": [
  127.106701280093,
  37.5482904493888
 ],
 "서울특별시 광진구 구의동 231-18": [
  127.08865462063,
  37.5432620368722
 ]
}