{
 "서울특별시 광진구 중곡동 64-10": [
  127.09090397801,
  37.559620918034
 ],
 "서울특별시 광진구 구의동 32-12": [
  127.09389627711,
  37.5526300813592
 ],
 "서울특별시 광진구 중곡동 84-37": [
  127.090367005677,
  37.5580816167545
 ],
 "서울특별시 광진구 광장동 334-14": [
  127.106701280093,
  37.5482904493888
 ],
 "서울특별시 광진구 구의동 231-18": [
  127.08865462063,
  37.5432620368722
 ],
 "서울특별시 성동구 하왕십리동 891-42": [
  127.027814999099,
  37.5643935004333
 ],
 "서울특별시 성동구 사근동 230-1": [
  127.04829715831,
  37.562950259658
 ],
 "서울특별시 동대문구 용두동 39-19": [
  127.041092707948,
  37.5767220885562
 ],
 "서울특별시 동대문구 장안동 382-2": [
  127.069023072328,
  37.5699273646072
 ],
 "서울특별시 동대문구 휘경동 34-41": [
  127.066964270416,
  37.5910291910862
 ],
 "서울특별시 중랑구 묵동 240-71": [
  127.075244897303,
  37.6106889510528
 ],
 "서울특별시 중랑구 중화동 274-35": [
  127.082172135849,
  37.6058398014433
 ],
 "서울특별시 중랑구 망우동 405-18": [
  127.101557889508,
  37.594859658324
 ],
 "서울특별시 중랑구 면목동 33-10": [
  127.100014101748,
  37.5870135176633
 ],
 "서울특별시 중랑구 상봉동 127-15": [
  127.079189193051,
  37.5931749928833
 ],
 "서울특별시 중랑구 면목동 63-4": [
  127.092735401545,
  37.5845956099557
 ],
 "서울특별시 중랑구 면목동 141-74": [
  127.08117214819,
  37.5884379417741
 ],
 "서울특별시 중랑구 상봉동 103-11": [
  127.088133428298,
  37.5951374996886
 ],
 "서울특별시 중랑구 묵동 177-7": [
  127.079117330115,
  37.6108554439884
 ],
 "서울특별시 중랑구 상봉동 136-28": [
  127.073192805882,
  37.5922065133245
 ],
 "서울특별시 중랑구 상봉동 214-3": [
  127.087056698946,
  37.6011694413754
 ],
 "서울특별시 성북구 정릉동 402-172": [
  127.010932269955,
  37.6100746224374
 ],
 "서울특별시 성북구 돈암동 413-133": [
  127.016389974223,
  37.5977179909505
 ],
 "서울특별시 성북구 삼선동3가 67": [
  127.013710993887,
  37.586548103735
 ],
 "서울특별시 성북구 정릉동 412-28": [
  127.011796900679,
  37.6067032165168
 ],
 "서울특별시 성북구 성북동 161-29": [
  127.002728867949,
  37.5935495790666
 ],
 "서울특별시 성북구 동선동5가 70-44": [
  127.017671358384,
  37.596240540752
 ],
 "서울특별시 성북구 정릉동 192-2": [
  127.015024613293,
  37.6070012575516
 ],
 "서울특별시 강북구 수유동 486-754": [
  127.01244218383,
  37.626970250141
 ],
 "서울특별시 강북구 수유동 279-133": [
  127.015134287753,
  37.6485767280441
 ],
 "서울특별시 강북구 수유동 472-326": [
  127.017048233626,
  37.6324927203656
 ],
 "서울특별시 강북구 번동 159-4": [
  127.03961871377,
  37.6274362817367
 ],
 "서울특별시 강북구 수유동 486-1455": [
  127.011980138991,
  37.6271650912775
 ],
 "서울특별시 강북구 번동 159-6": [
  127.04012072511,
  37.6275422483277
 ],
 "서울특별시 강북구 번동 410-8": [
  127.031906885393,
  37.6364113575283
 ],
 "서울특별시 강북구 번동 148-250": [
  127.032791650088,
  37.6269533754279
 ],
 "서울특별시 강북구 수유동 291-162": [
  127.013384603507,
  37.6460804942363
 ],
 "서울특별시 도봉구 창동 569-47": [
  127.039404842707,
  37.6392481853818
 ],
 "서울특별시 도봉구 쌍문동 425-3": [
  127.013444535713,
  37.6523156521834
 ],
 "서울특별시 도봉구 쌍문동 26-90": [
  127.037219716049,
  37.6603325315197
 ],
 "서울특별시 도봉구 창동 603-50": [
  127.039264753235,
  37.6419513659603
 ],
 "서울특별시 도봉구 창동 608-167": [
  127.039868175947,
  37.6452746236263
 ],
 "서울특별시 도봉구 방학동 715-3": [
  127.04495514889,
  37.6652925313602
 ],
 "서울특별시 도봉구 창동 608-109": [
  127.0389081081,
  37.6452814312438
 ],
 "서울특별시 도봉구": [
  127.04721049936,
  37.6686914100283
 ],
 "서울특별시 도봉구 방학동 627-2": [
  127.036746669379,
  37.6686146765524
 ],
 "서울특별시 노원구 월계동 472-17": [
  127.057921642829,
  37.6176585009585
 ],
 "서울특별시 노원구": [
  127.056430475216,
  37.6543617567056
 ],
 "서울특별시 노원구 공릉동 743": [
  127.080308529909,
  37.6280886404723
 ],
 "서울특별시 노원구 상계동 1309": [
  127.07106577738,
  37.6541782464313
 ],
 "서울특별시 은평구 녹번동 279-1": [
  126.923082138624,
  37.6038040423643
 ],
 "서울특별시 은평구 증산동 164-17": [
  126.910676708781,
  37.5856686207346
 ],
 "서울특별시 은평구 신사동 208-15": [
  126.907101416869,
  37.5951911483718
 ],
 "서울특별시 은평구 응암동 197-11": [
  126.922070932941,
  37.5977503446579
 ],
 "서울특별시 은평구 구산동 206-20": [
  126.90964876348,
  37.6134115917258
 ],
 "서울특별시 은평구 신사동 279-9": [
  126.906863721,
  37.600475362495
 ],
 "서울특별시 은평구 녹번동 100-27": [
  126.9281591488,
  37.6050432200614
 ],
 "서울특별시 은평구 응암동 81-173": [
  126.929275258448,
  37.6011663928652
 ],
 "서울특별시 은평구 갈현동 472-6": [
  126.914702826037,
  37.613896841254
 ],
 "서울특별시 은평구 구산동 177-127": [
  126.9095585662,
  37.6072729947797
 ],
 "서울특별시 은평구 구산동 24-26": [
  126.911428750085,
  37.6088486217021
 ],
 "서울특별시 은평구 불광동 635": [
  126.937001651616,
  37.6126197353159
 ],
 "서울특별시 은평구 구산동 177-79": [
  126.908516013278,
  37.6057582585041
 ],
 "서울특별시 서대문구 남가좌동 104-27": [
  126.916690838792,
  37.5698772425418
 ],
 "서울특별시 서대문구 북가좌동 300-18": [
  126.911571925856,
  37.5794520811599
 ],
 "서울특별시 서대문구 충정로3가 31-46": [
  126.960901852283,
  37.5611460850288
 ],
 "서울특별시 서대문구 연희동 672": [
  126.925404932239,
  37.573859250956
 ],
 "서울특별시 서대문구 연희동 519-64": [
  126.925291262105,
  37.5735354516959
 ],
 "서울특별시 서대문구 홍은동 205-1": [
  126.934760971151,
  37.5910306077551
 ],
 "서울특별시 서대문구 북가좌동 306-5": [
  126.91093134812,
  37.5786282714759
 ],
 "서울특별시 양천구 신월동 48-6": [
  126.825820388255,
  37.5359920211712
 ],
 "서울특별시 양천구 신월동 523-26": [
  126.839125678368,
  37.5207545187755
 ],
 "서울특별시 양천구 신정동 940-19": [
  126.851795853981,
  37.5251763651221
 ],
 "서울특별시 양천구 신월동 100-22": [
  126.832818331664,
  37.5345230541606
 ],
 "서울특별시 양천구 목동 804-28": [
  126.86560473567,
  37.530805042184
 ],
 "서울특별시 양천구 신월동 243-21": [
  126.837100561105,
  37.5271150662666
 ],
 "서울특별시 양천구 신정동 913-2": [
  126.856765846154,
  37.5264393941588
 ],
 "서울특별시 양천구 신월동 420-8": [
  126.837918033948,
  37.5234583058224
 ],
 "서울특별시 강서구 화곡동 393-21": [
  126.84851706485,
  37.5335749388093
 ],
 "서울특별시 강서구 화곡동 900-28": [
  126.845626950122,
  37.5297074360965
 ],
 "서울특별시 강서구 등촌동 510-2": [
  126.863066797645,
  37.5485392007508
 ],
 "서울특별시 강서구 화곡동 409-76": [
  126.848488107327,
  37.5371509702557
 ],
 "서울특별시 강서구 화곡동 840-10": [
  126.858287537154,
  37.5314097096642
 ],
 "서울특별시 강서구 화곡동 362-79": [
  126.838731684601,
  37.5340470800068
 ],
 "서울특별시 강서구 화곡동 408-43": [
  126.845156036472,
  37.5375563327059
 ],
 "서울특별시 강서구 화곡동 354-21": [
  126.841164100769,
  37.5333002039445
 ],
 "서울특별시 강서구 화곡동 371-15": [
  126.838848846759,
  37.5363320853774
 ],
 "서울특별시 강서구 방화동 613-2": [
  126.807880977152,
  37.5642126221852
 ],
 "서울특별시 강서구 방화동 281-64": [
  126.815202205884,
  37.5726473454115
 ],
 "서울특별시 강서구 화곡동 859-21": [
  126.853845201062,
  37.5320548178878
 ],
 "서울특별시 강서구 외발산동 221-13": [
  126.823580640353,
  37.5469211440771
 ],
 "서울특별시 강서구 화곡동 42-88": [
  126.85299759409,
  37.5457607599014
 ],
 "서울특별시 강서구 화곡동 973-5": [
  126.848285389083,
  37.5485791583242
 ],
 "서울특별시 강서구 화곡동 84-11": [
  126.843331549561,
  37.5471297412831
 ],
 "서울특별시 구로구 구로동 706-1": [
  126.883035027658,
  37.4904396906466
 ],
 "서울특별시 구로구 구로동 112-43": [
  126.887433371009,
  37.5001946543727
 ],
 "서울특별시 구로구 구로동 108-2": [
  126.890314741102,
  37.4999944583683
 ],
 "서울특별시 구로구 개봉동 322-5": [
  126.852275705352,
  37.4920208289363
 ],
 "서울특별시 구로구 개봉동 334-4": [
  126.851328355707,
  37.4919569305118
 ],
 "서울특별시 구로구 고척동 296": [
  126.855476756678,
  37.5030248070323
 ],
 "서울특별시 구로구 온수동 75-5": [
  126.818264755036,
  37.494991955979
 ],
 "서울특별시 구로구 오류동 135-59": [
  126.843151767827,
  37.4928579962402
 ],
 "서울특별시 금천구 시흥동 244-14": [
  126.912928300678,
  37.4508324918036
 ],
 "서울특별시 금천구 독산동 1158": [
  126.908985490665,
  37.4766938634559
 ],
 "서울특별시 금천구 독산동 929-6": [
  126.904200095212,
  37.4668826755391
 ],
 "서울특별시 금천구 시흥동 1-6": [
  126.911064144911,
  37.4634013979665
 ],
 "서울특별시 금천구 시흥동 892-32": [
  126.903636013067,
  37.4524481855374
 ],
 "서울특별시 영등포구 여의도동 21-2": [
  126.929837681736,
  37.5265164014905
 ],
 "서울특별시 영등포구 도림동 80-22": [
  126.905581942,
  37.5089778740598
 ],
 "서울특별시 영등포구 대림동 694-2": [
  126.899739860633,
  37.4966042388058
 ],
 "서울특별시 영등포구 신길동 124-11": [
  126.919145936518,
  37.5099321899231
 ],
 "서울특별시 영등포구 신길동 4943": [
  126.910599170661,
  37.5111808590706
 ],
 "서울특별시 영등포구 여의도동 47": [
  126.926053586291,
  37.5181723412696
 ],
 "서울특별시 영등포구 영등포동 651": [
  126.909735296927,
  37.5159429980559
 ],
 "서울특별시 동작구 상도동 201-58": [
  126.94090862327,
  37.5007387007746
 ],